id,name,bandwidth,frequency,left_freq,right_freq,"WilkinsonPowerDivider:DB(|S(1,1)|)","WilkinsonPowerDivider:DB(|S(2,2)|)","WilkinsonPowerDivider:DB(|S(3,3)|)","WilkinsonPowerDivider:DB(|S(3,1)|)","WilkinsonPowerDivider:DB(|S(3,2)|)","WilkinsonPowerDivider:DB(|S(2,1)|)"
5,4350B,0.3333333333333339,5.0,4.833333333333333,5.166666666666667,-43.783397162062414,-44.14293226554694,-39.94728293843455,-3.0900972762692316,-45.424349891061425,-3.0892677372226895
5,4350B,0.3333333333333339,5.0,4.833333333333333,5.166666666666667,-40.43281249482445,-44.60949067387547,-40.22024097162587,-3.104516523673576,-43.09104711213234,-3.103881362917678
5,4350B,0.3333333333333339,5.0,4.833333333333333,5.166666666666667,-39.669276524956075,-40.0427226401979,-40.074806638819865,-3.090751348605742,-42.97669642426023,-3.094737725621892
5,4350B,0.3333333333333339,5.0,4.833333333333333,5.166666666666667,-62.24019947459401,-40.88281178007279,-40.52235036545121,-3.1065293093345607,-40.33030681729148,-3.1070221725693266
5,4350B,0.5,7.5,7.250000000000001,7.750000000000001,-45.772845120206725,-41.71742829100844,-37.28301503602866,-3.0836402250515036,-42.89811225309161,-3.0815746672698454
5,4350B,0.5,7.5,7.250000000000001,7.750000000000001,-39.86102145966092,-41.51480574039924,-41.2100018118707,-3.0984758083660364,-39.960435006160736,-3.10005687158637
5,4350B,0.5,7.5,7.250000000000001,7.750000000000001,-46.90079795252214,-37.609558493995436,-38.29541198276581,-3.0843718681760084,-40.98997147155632,-3.088088606764432
5,4350B,0.5,7.5,7.250000000000001,7.750000000000001,-51.063216192161875,-38.164301251757536,-38.55917502681659,-3.103691839956549,-36.9289480378869,-3.0966503914701122
