id,name,bandwidth,frequency,left_freq,right_freq,"WilkinsonPowerDivider:DB(|S(1,1)|)","WilkinsonPowerDivider:DB(|S(2,2)|)","WilkinsonPowerDivider:DB(|S(3,3)|)","WilkinsonPowerDivider:DB(|S(3,1)|)","WilkinsonPowerDivider:DB(|S(3,2)|)","WilkinsonPowerDivider:DB(|S(2,1)|)"
5,4350B,0.3333333333333339,5.0,4.833333333333333,5.166666666666667,-42.59104780414472,-45.06901139149737,-44.25911859093247,-3.095815285702396,-43.09365643385583,-3.0995416854567788
5,4350B,0.36666666666666803,5.5,5.316666666666666,5.6833333333333345,-47.42108339106971,-43.93210862068243,-43.77981592029989,-3.0995185108206487,-47.24379808169034,-3.093840267798609
5,4350B,0.39999999999999947,6.0,5.800000000000001,6.2,-43.88500274124606,-42.43330487491082,-42.19488671576532,-3.0953073103507167,-44.636113886027424,-3.095827204831142
5,4350B,0.43333333333333446,6.5,6.283333333333333,6.716666666666668,-44.662356937313646,-43.9151860541866,-43.00127781516544,-3.0931629734840547,-38.45689068243021,-3.095936660360146
5,4350B,0.4666666666666659,7.0,6.7666666666666675,7.233333333333333,-39.66890001122697,-43.001874249154326,-44.68172202346083,-3.0902931571906094,-40.31322052802526,-3.093421787304375
5,4350B,0.5,7.5,7.250000000000001,7.750000000000001,-42.205757143861106,-41.84297228448798,-42.60493754129568,-3.0937804590566484,-43.34283590460025,-3.0878044106875837
5,4350B,0.5333333333333359,8.0,7.733333333333333,8.26666666666667,-45.79670616769298,-41.781057300557045,-43.07534105136911,-3.092535562031099,-45.413119595603,-3.086791632220072
5,4350B,0.5666666666666682,8.5,8.216666666666667,8.783333333333335,-45.091774075778034,-40.702183608207,-40.94004071490638,-3.0909398150391922,-44.18400916534303,-3.086271230160682
