name,id,frequency,quarter,res,height,root_width,width,output_padding,port_1_padding
4350B,5,5.0,8.46239992488135,100.0,0.254,0.310099045425032,0.54380121132051,0.765150201093747,0.765150201093747
4350B,5,5.5,7.71879699281078,100.0,0.254,0.311234277984205,0.54380121132051,0.6939210974094088,0.6939210974094088
4350B,5,6.0,7.08651506262768,100.0,0.254,0.312180446037337,0.54380121132051,0.6345635110057934,0.6345635110057934
4350B,5,6.5,6.55425499062143,100.0,0.254,0.306953051567823,0.54380121132051,0.584337860971965,0.584337860971965
4350B,5,7.0,5.86467674232879,100.0,0.254,0.307590981904158,0.54380121132051,0.5412873038001121,0.5412873038001121
4350B,5,7.5,5.47355966900792,100.0,0.254,0.308229071233394,0.54380121132051,0.5039768209178398,0.5039768209178398
4350B,5,8.0,5.13434757783531,100.0,0.254,0.308796380726112,0.54380121132051,0.47133014839585147,0.47133014839585147
4350B,5,8.5,4.83353526409756,100.0,0.254,0.309505655132155,0.54380121132051,0.4425242608764499,0.4425242608764499
